{"cameraMode":{"drawMode":0,"name":"Shaded","section":"Shading Mode"},"sceneLighting":false,"audioPlay":false,"sceneViewState":{"showFog":true,"showMaterialUpdate":false,"showSkybox":false,"showFlares":true,"showImageEffects":true,"showParticleSystems":true},"in2DMode":false,"pivot":{"x":-0.0008228868246078491,"y":-0.11487884819507599,"z":-0.055388569831848147},"rotation":{"x":-0.02006978541612625,"y":-0.5142872333526611,"z":-0.012010287493467331,"w":0.8573275208473206},"size":0.8805475831031799,"orthographic":false}