{"cameraMode":{"drawMode":0,"name":"Shaded","section":"Shading Mode"},"sceneLighting":true,"audioPlay":false,"sceneViewState":{"showFog":true,"showMaterialUpdate":false,"showSkybox":true,"showFlares":true,"showImageEffects":true,"showParticleSystems":true},"in2DMode":false,"pivot":{"x":-7.732197284698486,"y":0.21156728267669679,"z":9.903006553649903},"rotation":{"x":-0.39339178800582888,"y":-0.10420936346054077,"z":0.04109974950551987,"w":-0.9128526449203491},"size":10.0,"orthographic":false}